Sanctuary_ID,Emergency_Calls_Made,Duty_Requests_Count,Checkin_Timestamps,Route_Warnings_Received,Voice_Notes_Count,Failed_Transmissions_Count,Last_Response_Timestamp,Non_Response_Duration_Hours,Contact_Chain_IDs,Collaboration_Frequency_Score,Alert_Response_Flag,Broadcast_Trigger_Source,Incident_Link_ID,Signal_Origin_Sector,Voice_Stress_Index,Network_Centrality_Score,Alert_Response_Delay_Minutes
SANC-0091,3,3,2026-09-26 06:00:00,1,1,0,2026-09-27 06:00:00,0.6,CC-30,0.8574233004776216,delayed,Forensic Vault,INC-030,Research,0.10581693225123676,0.6517977427239767,3.4
SANC-0092,6,0,2026-09-26 09:00:00,0,0,0,2026-09-27 09:00:00,3.7,CC-31,0.11228143055815884,responded,Forensic Vault,INC-031,Unknown,0.18118499453212045,0.13072780851316257,11.3
SANC-0093,2,2,2026-09-26 12:00:00,2,3,2,2026-09-27 12:00:00,6.6,CC-32,0.7108080604288564,responded,Forensic Vault,INC-032,Forensics,0.2553622174116332,0.6056822245288292,30.2
SANC-0094,0,3,2026-09-26 15:00:00,2,3,3,2026-09-27 15:00:00,3.7,CC-33,0.8638263448922757,responded,Forensic Vault,INC-033,Forensics,0.5360126476358773,0.7801891189983778,15.4
SANC-0095,4,2,2026-09-26 18:00:00,3,5,0,2026-09-27 18:00:00,1.9,CC-34,0.6113695052782249,responded,Forensic Vault,INC-034,Research,0.5074098427885019,0.2618262522776146,4.0
SANC-0096,3,2,2026-09-26 21:00:00,2,0,2,2026-09-27 21:00:00,7.0,CC-00,0.2707606701321167,responded,Automated Emergency Relay,INC-035,Forensics,0.28469248094313837,0.3293609532049898,14.4
SANC-0097,5,2,2026-09-27 00:00:00,0,2,0,2026-09-28 00:00:00,0.6,CC-01,0.5414479273816494,delayed,Forensic Vault,INC-036,Community,0.05259990101182103,0.20897996361302384,0.0
SANC-0098,1,2,2026-09-27 03:00:00,1,3,0,2026-09-28 03:00:00,0.0,CC-02,0.9758162236086841,delayed,Automated Emergency Relay,INC-037,Research,0.3592178618345328,0.7921922790237569,5.9
SANC-0099,0,4,2026-09-27 06:00:00,0,2,2,2026-09-28 06:00:00,0.6,CC-03,0.8887491768859261,responded,Forensic Vault,INC-038,Community,0.29898956196643967,0.7838039639202038,16.9
SANC-0100,7,0,2026-09-27 09:00:00,0,3,0,2026-09-28 09:00:00,0.0,CC-04,0.814470729057107,delayed,Forensic Vault,INC-039,Forensics,0.08131033551154916,0.8582580011290541,0.0
SANC-0101,1,2,2026-09-27 12:00:00,2,2,1,2026-09-28 12:00:00,5.8,CC-05,0.5053849226847056,not_responded,Forensic Vault,INC-040,Research,0.29384928190047765,0.4890686500127622,22.5
SANC-0102,3,3,2026-09-27 15:00:00,4,2,2,2026-09-28 15:00:00,1.8,CC-06,0.5188637564032403,responded,Forensic Vault,INC-041,Forensics,0.319664001666548,0.3234316083160859,24.2
SANC-0103,2,0,2026-09-27 18:00:00,3,1,1,2026-09-28 18:00:00,7.3,CC-07,0.5344109774695431,delayed,Sanctuary Network,INC-000,Research,0.29074208064214263,0.3650394105849011,7.7
SANC-0104,4,2,2026-09-27 21:00:00,0,2,0,2026-09-28 21:00:00,0.0,CC-08,0.7313988916072941,responded,Forensic Vault,INC-001,Forensics,0.22731336191845097,0.6217781519653682,13.7
SANC-0105,2,3,2026-09-28 00:00:00,1,2,0,2026-09-29 00:00:00,0.5,CC-09,0.8877431671230538,responded,Sanctuary Network,INC-002,Research,0.3624075581886309,0.7022556438804904,2.7
SANC-0106,2,5,2026-09-28 03:00:00,2,0,0,2026-09-29 03:00:00,3.2,CC-10,0.5431955296072123,delayed,Sanctuary Network,INC-003,Forensics,0.3578549402531769,0.46665173659693493,11.3
SANC-0107,4,1,2026-09-28 06:00:00,0,0,0,2026-09-29 06:00:00,0.0,CC-11,0.3880568952793322,responded,Forensic Vault,INC-004,Forensics,0.056192712907899074,0.09970754514379815,0.0
SANC-0108,3,1,2026-09-28 09:00:00,1,4,2,2026-09-29 09:00:00,0.3,CC-12,0.7727592506660484,responded,Forensic Vault,INC-005,Forensics,0.5536352547887693,0.7682861952538437,0.0
SANC-0109,3,0,2026-09-28 12:00:00,2,4,4,2026-09-29 12:00:00,2.7,CC-13,0.48611115246617215,responded,Automated Emergency Relay,INC-006,Forensics,0.23596949396987427,0.5039291752756014,13.6
SANC-0110,1,3,2026-09-28 15:00:00,3,2,0,2026-09-29 15:00:00,0.4,CC-14,0.8354103642314032,responded,Sanctuary Network,INC-007,Research,0.4152000165140059,0.5546195287657689,11.1
SANC-0111,2,1,2026-09-28 18:00:00,3,3,5,2026-09-29 18:00:00,4.6,CC-15,0.6601237196130828,responded,Forensic Vault,INC-008,Research,0.5907639839584169,0.5413436675623287,31.4
SANC-0112,3,0,2026-09-28 21:00:00,4,2,3,2026-09-29 21:00:00,5.5,CC-16,0.5410579582627233,responded,Forensic Vault,INC-009,Community,0.7262026598486032,0.45688228395425645,26.6
SANC-0113,2,1,2026-09-29 00:00:00,3,3,1,2026-09-30 00:00:00,4.4,CC-17,0.49027076365747413,responded,Automated Emergency Relay,INC-010,Forensics,0.3843633158927708,0.4449036286416274,12.8
SANC-0114,6,4,2026-09-29 03:00:00,0,0,0,2026-09-30 03:00:00,2.6,CC-18,0.5851465300411945,responded,Forensic Vault,INC-011,Community,0.15979044919940663,0.6029758274141312,0.0
SANC-0115,2,0,2026-09-29 06:00:00,3,0,3,2026-09-30 06:00:00,6.7,CC-19,0.40501176258306676,responded,Forensic Vault,INC-012,Forensics,0.5028222585707236,0.30777199865263916,37.2
SANC-0116,2,0,2026-09-29 09:00:00,4,0,4,2026-09-30 09:00:00,10.9,CC-20,0.2720436585126957,responded,Forensic Vault,INC-013,Unknown,0.5488994205335916,0.08989717831627357,40.5
SANC-0117,2,1,2026-09-29 12:00:00,2,0,2,2026-09-30 12:00:00,8.4,CC-21,0.26847341673346026,responded,Forensic Vault,INC-014,Community,0.5258615391326241,0.45030196987665305,21.2
SANC-0118,2,6,2026-09-29 15:00:00,1,3,1,2026-09-30 15:00:00,3.7,CC-22,0.829768015961519,delayed,Forensic Vault,INC-015,Research,0.4612553855269004,0.7124659733735692,13.4
SANC-0119,4,2,2026-09-29 18:00:00,0,1,0,2026-09-30 18:00:00,0.0,CC-23,0.627451178188219,responded,Automated Emergency Relay,INC-016,Forensics,0.4270438789120321,0.6742533025159905,0.0
SANC-0120,5,4,2026-09-29 21:00:00,0,2,0,2026-09-30 21:00:00,0.0,CC-24,0.7380949464020656,delayed,Forensic Vault,INC-017,Community,0.2771853592849872,0.5313103079363801,0.0
SANC-0001,2,2,2026-09-30 00:00:00,1,3,0,2026-10-01 00:00:00,2.3,CC-25,0.4856161034704669,not_responded,Sanctuary Network,INC-018,Forensics,0.5424112309555389,0.5752451286560338,1.7
SANC-0002,2,4,2026-09-30 03:00:00,1,3,0,2026-10-01 03:00:00,2.4,CC-26,0.6549589133019533,responded,Forensic Vault,INC-019,Community,0.0921101932280256,0.5872309348336172,6.3
SANC-0003,1,1,2026-09-30 06:00:00,1,2,1,2026-10-01 06:00:00,1.3,CC-27,0.5175299728054277,responded,Forensic Vault,INC-020,Forensics,0.20698490263784167,0.5058695526361429,19.0
SANC-0004,4,0,2026-09-30 09:00:00,1,2,0,2026-10-01 09:00:00,0.0,CC-28,0.6473480200805735,delayed,Forensic Vault,INC-021,Unknown,0.4550433022928535,0.5695884913606756,20.3
SANC-0005,3,0,2026-09-30 12:00:00,0,3,2,2026-10-01 12:00:00,4.0,CC-29,0.7873126630652102,not_responded,Forensic Vault,INC-022,Forensics,0.3604325175139088,0.6104701420868397,14.1
SANC-0006,1,0,2026-09-30 15:00:00,3,0,2,2026-10-01 15:00:00,14.7,CC-30,0.09060212547786659,responded,Automated Emergency Relay,INC-023,Forensics,0.6195806882669512,0.01,18.9
SANC-0007,3,4,2026-09-30 18:00:00,2,2,0,2026-10-01 18:00:00,0.3,CC-31,0.4813603205478706,responded,Sanctuary Network,INC-024,Forensics,0.31040138932461353,0.4477793411561737,18.7
SANC-0008,2,3,2026-09-30 21:00:00,3,3,2,2026-10-01 21:00:00,4.3,CC-32,0.5452966521481327,delayed,Sanctuary Network,INC-025,Forensics,0.7613432418357434,0.6193499991387025,11.4
SANC-0009,2,0,2026-10-01 00:00:00,2,5,3,2026-10-02 00:00:00,4.3,CC-33,0.7345006443833203,responded,Automated Emergency Relay,INC-026,Unknown,0.46494117890022213,0.7754581799456374,13.3
SANC-0010,2,2,2026-10-01 03:00:00,3,3,2,2026-10-02 03:00:00,5.5,CC-34,0.99,responded,Automated Emergency Relay,INC-027,Community,0.5410275021061542,0.7693563882801797,16.1
SANC-0011,2,2,2026-10-01 06:00:00,2,0,1,2026-10-02 06:00:00,7.9,CC-00,0.5698565297920415,delayed,Automated Emergency Relay,INC-028,Community,0.4663062805837531,0.16143962036935663,1.7
SANC-0012,1,2,2026-10-01 09:00:00,1,4,0,2026-10-02 09:00:00,0.1,CC-01,0.8359746291843401,responded,Sanctuary Network,INC-029,Forensics,0.23078140484342372,0.663548837528483,6.2
SANC-0013,4,2,2026-10-01 12:00:00,0,0,0,2026-10-02 12:00:00,7.2,CC-02,0.34553033496132196,responded,Forensic Vault,INC-030,Forensics,0.19558842979219387,0.03995681580174601,2.1
SANC-0014,5,2,2026-10-01 15:00:00,0,2,0,2026-10-02 15:00:00,0.0,CC-03,0.6353767156354183,not_responded,Automated Emergency Relay,INC-031,Community,0.054835841001359825,0.6542595948739907,5.1
SANC-0015,1,3,2026-10-01 18:00:00,3,1,1,2026-10-02 18:00:00,6.4,CC-04,0.554841171173539,responded,Automated Emergency Relay,INC-032,Unknown,0.38212617814268807,0.3139968122690737,29.0
SANC-0016,4,4,2026-10-01 21:00:00,0,2,0,2026-10-02 21:00:00,0.1,CC-05,0.7546812943770943,delayed,Sanctuary Network,INC-033,Forensics,0.35860831745113414,0.6161548882268509,0.0
SANC-0017,2,2,2026-10-02 00:00:00,1,4,0,2026-10-03 00:00:00,0.0,CC-06,0.6586960305427733,responded,Automated Emergency Relay,INC-034,Community,0.31977802313719045,0.5963762580395294,10.5
SANC-0018,1,1,2026-10-02 03:00:00,2,4,1,2026-10-03 03:00:00,0.0,CC-07,0.834535347283864,responded,Forensic Vault,INC-035,Research,0.4211566383729215,0.6135335917388819,18.6
SANC-0019,4,2,2026-10-02 06:00:00,0,4,1,2026-10-03 06:00:00,1.1,CC-08,0.7282140900622638,delayed,Sanctuary Network,INC-036,Forensics,0.3913468542999865,0.6776228285296026,7.7
SANC-0020,2,0,2026-10-02 09:00:00,2,0,2,2026-10-03 09:00:00,4.8,CC-09,0.39143748270521106,responded,Forensic Vault,INC-037,Research,0.3975473591434785,0.18475264478842846,25.5
SANC-0021,3,0,2026-10-02 12:00:00,1,2,6,2026-10-03 12:00:00,2.7,CC-10,0.39917757153768996,responded,Automated Emergency Relay,INC-038,Community,0.2631715420587316,0.3638556751228862,22.6
SANC-0022,3,3,2026-10-02 15:00:00,1,1,1,2026-10-03 15:00:00,6.5,CC-11,0.48496776444817113,delayed,Sanctuary Network,INC-039,Forensics,0.4808765522767727,0.21755880522761656,3.2
SANC-0023,3,1,2026-10-02 18:00:00,5,4,3,2026-10-03 18:00:00,8.7,CC-12,0.5727854622837236,responded,Automated Emergency Relay,INC-040,Research,0.47625148141063395,0.8941746610995116,38.3
SANC-0024,2,3,2026-10-02 21:00:00,1,1,2,2026-10-03 21:00:00,3.9,CC-13,0.2945825230589782,responded,Forensic Vault,INC-041,Research,0.42054202120229645,0.055452646056425164,5.9
SANC-0025,3,0,2026-10-03 00:00:00,5,0,4,2026-10-04 00:00:00,7.5,CC-14,0.5107795532985867,responded,Forensic Vault,INC-000,Community,0.40604460655141045,0.30444936641280906,28.8
SANC-0026,1,3,2026-10-03 03:00:00,3,3,1,2026-10-04 03:00:00,1.2,CC-15,0.8326849895313894,delayed,Automated Emergency Relay,INC-001,Research,0.3775754999379551,0.6406358419184841,21.9
SANC-0027,3,1,2026-10-03 06:00:00,2,2,1,2026-10-04 06:00:00,4.5,CC-16,0.5891567595277641,responded,Forensic Vault,INC-002,Research,0.43943895761370855,0.3056014665210423,23.0
SANC-0028,2,3,2026-10-03 09:00:00,0,2,1,2026-10-04 09:00:00,0.3,CC-17,0.681326925000117,responded,Forensic Vault,INC-003,Forensics,0.4531425514813374,0.5246975558105187,0.0
SANC-0029,1,4,2026-10-03 12:00:00,0,3,0,2026-10-04 12:00:00,0.2,CC-18,0.7432270902726253,responded,Sanctuary Network,INC-004,Forensics,0.3440030814297619,0.6444514928324124,0.0
SANC-0030,3,5,2026-10-03 15:00:00,5,4,3,2026-10-04 15:00:00,0.5,CC-19,0.99,delayed,Forensic Vault,INC-005,Community,0.5858607308538747,0.9781472480746928,31.7
SANC-0031,3,1,2026-10-03 18:00:00,3,0,1,2026-10-04 18:00:00,7.7,CC-20,0.2291130562620676,delayed,Forensic Vault,INC-006,Community,0.49122529706426654,0.158520979290399,19.2
SANC-0032,2,2,2026-10-03 21:00:00,2,3,1,2026-10-04 21:00:00,5.9,CC-21,0.76023727935603,responded,Automated Emergency Relay,INC-007,Forensics,0.2719884212624787,0.4336424229186216,9.3
SANC-0033,4,4,2026-10-04 00:00:00,0,4,0,2026-10-05 00:00:00,0.0,CC-22,0.9055554376996039,responded,Forensic Vault,INC-008,Forensics,0.265487264450456,0.8756872465332275,0.0
SANC-0034,3,2,2026-10-04 03:00:00,4,4,3,2026-10-05 03:00:00,3.0,CC-23,0.8793503083142901,responded,Forensic Vault,INC-009,Research,0.20954754387593658,0.7419017679758247,21.8
SANC-0035,5,2,2026-10-04 06:00:00,0,3,0,2026-10-05 06:00:00,1.8,CC-24,0.4914239908985685,delayed,Forensic Vault,INC-010,Research,0.3137162056768117,0.28675632803188794,0.0
SANC-0036,3,4,2026-10-04 09:00:00,2,3,0,2026-10-05 09:00:00,0.0,CC-25,0.70127131490184,responded,Sanctuary Network,INC-011,Forensics,0.35921446954575653,0.6187899908645494,0.0
SANC-0037,0,2,2026-10-04 12:00:00,4,1,2,2026-10-05 12:00:00,9.1,CC-26,0.26102929002956965,responded,Automated Emergency Relay,INC-012,Forensics,0.5530339198560033,0.2107096088060128,18.3
SANC-0038,1,2,2026-10-04 15:00:00,2,1,2,2026-10-05 15:00:00,2.5,CC-27,0.5911921459902746,not_responded,Forensic Vault,INC-013,Research,0.36001328607261884,0.3304480289661615,9.2
SANC-0039,2,2,2026-10-04 18:00:00,3,3,1,2026-10-05 18:00:00,0.1,CC-28,0.8557298504562758,delayed,Automated Emergency Relay,INC-014,Community,0.24067558635814135,0.7025022066145008,1.0
SANC-0040,5,0,2026-10-04 21:00:00,0,0,0,2026-10-05 21:00:00,0.0,CC-29,0.48385515616801605,responded,Automated Emergency Relay,INC-015,Community,0.01,0.4860186374999474,6.2
SANC-0041,2,2,2026-10-05 00:00:00,3,4,3,2026-10-06 00:00:00,2.4,CC-30,0.5667469228580719,responded,Forensic Vault,INC-016,Community,0.6059584843614351,0.7053405494382833,16.0
SANC-0042,1,3,2026-10-05 03:00:00,2,2,2,2026-10-06 03:00:00,3.2,CC-31,0.9083814200045999,delayed,Automated Emergency Relay,INC-017,Community,0.2991468154595304,0.8127898321725102,18.1
SANC-0043,4,2,2026-10-05 06:00:00,1,2,0,2026-10-06 06:00:00,2.9,CC-32,0.6121322895163042,responded,Forensic Vault,INC-018,Forensics,0.05143762359336512,0.5684034794572452,0.0
SANC-0044,0,5,2026-10-05 09:00:00,2,2,3,2026-10-06 09:00:00,7.9,CC-33,0.7015543488543922,delayed,Forensic Vault,INC-019,Forensics,0.5297062770196347,0.8663025733757768,13.4
SANC-0045,5,0,2026-10-05 12:00:00,1,2,1,2026-10-06 12:00:00,1.0,CC-34,0.2833122575551296,responded,Forensic Vault,INC-020,Forensics,0.31492897764031047,0.12384328965508616,13.9
SANC-0046,2,2,2026-10-05 15:00:00,1,4,0,2026-10-06 15:00:00,2.8,CC-00,0.8619666612733027,responded,Sanctuary Network,INC-021,Forensics,0.37196381507858556,0.5153653749107386,0.0
SANC-0047,7,2,2026-10-05 18:00:00,0,2,0,2026-10-06 18:00:00,0.0,CC-01,0.7709832920720427,responded,Forensic Vault,INC-022,Community,0.03809491095765177,0.5205105058627406,0.0
SANC-0048,2,4,2026-10-05 21:00:00,1,3,0,2026-10-06 21:00:00,2.0,CC-02,0.99,responded,Forensic Vault,INC-023,Forensics,0.29153334501215294,0.8866346062079735,5.3
SANC-0049,0,4,2026-10-06 00:00:00,2,3,1,2026-10-07 00:00:00,0.0,CC-03,0.7381628646848308,delayed,Forensic Vault,INC-024,Forensics,0.28497050402980434,0.8291520994051353,13.8
SANC-0050,1,2,2026-10-06 03:00:00,4,1,2,2026-10-07 03:00:00,9.2,CC-04,0.528631087691142,responded,Forensic Vault,INC-025,Research,0.5043663038178449,0.41975001657084987,25.9
SANC-0051,2,1,2026-10-06 06:00:00,3,5,2,2026-10-07 06:00:00,0.8,CC-05,0.833691294320288,responded,Forensic Vault,INC-026,Forensics,0.45526348815183426,0.7930962928904304,20.4
SANC-0052,2,2,2026-10-06 09:00:00,4,3,1,2026-10-07 09:00:00,2.9,CC-06,0.6885664560097867,responded,Automated Emergency Relay,INC-027,Forensics,0.19577143825753765,0.8019156129615483,13.8
SANC-0053,1,5,2026-10-06 12:00:00,1,1,0,2026-10-07 12:00:00,0.0,CC-07,0.8563175130412491,responded,Forensic Vault,INC-028,Forensics,0.23723970083875695,0.7600971532919301,9.6
SANC-0054,4,3,2026-10-06 15:00:00,2,1,1,2026-10-07 15:00:00,0.0,CC-08,0.6953658513894477,responded,Forensic Vault,INC-029,Unknown,0.01,0.6449921649071909,0.0
SANC-0055,1,0,2026-10-06 18:00:00,2,3,3,2026-10-07 18:00:00,4.0,CC-09,0.45499935217616294,delayed,Sanctuary Network,INC-030,Forensics,0.1826949355122181,0.4477555335473164,25.8
SANC-0056,2,0,2026-10-06 21:00:00,0,1,1,2026-10-07 21:00:00,1.8,CC-10,0.5442073346191296,responded,Forensic Vault,INC-031,Community,0.18213266796502545,0.33138270477513143,14.8
SANC-0057,1,2,2026-10-07 00:00:00,5,0,4,2026-10-08 00:00:00,6.3,CC-11,0.3669453876327194,responded,Forensic Vault,INC-032,Forensics,0.7710952736623653,0.3595229740999035,37.7
SANC-0058,5,1,2026-10-07 03:00:00,1,3,2,2026-10-08 03:00:00,3.1,CC-12,0.5028114352139536,responded,Automated Emergency Relay,INC-033,Community,0.3863171603830597,0.45241602673999814,5.2
SANC-0059,4,0,2026-10-07 06:00:00,2,0,2,2026-10-08 06:00:00,11.0,CC-13,0.17354425395192613,responded,Automated Emergency Relay,INC-034,Research,0.27416258832734247,0.01,22.8
SANC-0060,2,1,2026-10-07 09:00:00,1,1,0,2026-10-08 09:00:00,8.0,CC-14,0.1734133874315414,delayed,Forensic Vault,INC-035,Community,0.1051462610504197,0.31328610477666163,21.0
SANC-0061,4,3,2026-10-07 12:00:00,0,1,0,2026-10-08 12:00:00,2.9,CC-15,0.670647900609848,responded,Forensic Vault,INC-036,Research,0.9124210953238606,0.4748045931427939,0.0
SANC-0062,5,1,2026-10-07 15:00:00,0,5,1,2026-10-08 15:00:00,0.0,CC-16,0.9137031291849063,not_responded,Automated Emergency Relay,INC-037,Unknown,0.20577062230683224,0.8386604417323341,10.5
SANC-0063,5,1,2026-10-07 18:00:00,1,3,2,2026-10-08 18:00:00,0.0,CC-17,0.34571904082060206,responded,Sanctuary Network,INC-038,Research,0.01,0.27698179843223425,13.9
SANC-0064,5,1,2026-10-07 21:00:00,1,0,0,2026-10-08 21:00:00,5.3,CC-18,0.36059063454013685,responded,Forensic Vault,INC-039,Forensics,0.08275198395871401,0.0784047238580009,1.1
SANC-0065,2,3,2026-10-08 00:00:00,0,2,0,2026-10-09 00:00:00,1.4,CC-19,0.9262756179910913,delayed,Forensic Vault,INC-040,Community,0.10544009746387203,0.8383378346529381,0.0
SANC-0066,2,3,2026-10-08 03:00:00,2,0,1,2026-10-09 03:00:00,1.9,CC-20,0.36711531712235196,responded,Forensic Vault,INC-041,Unknown,0.26056173662909077,0.17198384633925376,7.2
SANC-0067,2,4,2026-10-08 06:00:00,1,2,1,2026-10-09 06:00:00,0.0,CC-21,0.9377371664389165,responded,Forensic Vault,INC-000,Research,0.20758622798495507,0.8569246402605222,14.3
SANC-0068,1,2,2026-10-08 09:00:00,1,4,1,2026-10-09 09:00:00,6.5,CC-22,0.7901815556914205,delayed,Forensic Vault,INC-001,Community,0.5954167054809975,0.6922669050173951,14.6
SANC-0069,4,1,2026-10-08 12:00:00,0,1,1,2026-10-09 12:00:00,5.3,CC-23,0.539796308310247,responded,Automated Emergency Relay,INC-002,Research,0.5810187982870448,0.4357900217068913,10.1
SANC-0070,0,0,2026-10-08 15:00:00,2,1,1,2026-10-09 15:00:00,2.6,CC-24,0.5720428658983677,responded,Automated Emergency Relay,INC-003,Forensics,0.31861261687865117,0.3927562642095606,1.6
SANC-0071,3,4,2026-10-08 18:00:00,0,3,0,2026-10-09 18:00:00,0.0,CC-25,0.824405434505036,responded,Automated Emergency Relay,INC-004,Forensics,0.17853330971828457,0.7704875085726504,0.0
SANC-0072,5,2,2026-10-08 21:00:00,2,4,0,2026-10-09 21:00:00,0.4,CC-26,0.8754853986172069,responded,Sanctuary Network,INC-005,Forensics,0.275911382162201,0.8602239843540925,0.0
SANC-0073,1,5,2026-10-09 00:00:00,1,2,0,2026-10-10 00:00:00,6.0,CC-27,0.6620559566306362,delayed,Forensic Vault,INC-006,Research,0.35953473296959515,0.42941735111735835,1.0
SANC-0074,4,0,2026-10-09 03:00:00,0,4,0,2026-10-10 03:00:00,0.0,CC-28,0.7726910930149927,responded,Automated Emergency Relay,INC-007,Forensics,0.3552126070840762,0.7753199921191778,0.0
SANC-0075,3,3,2026-10-09 06:00:00,1,0,1,2026-10-10 06:00:00,6.2,CC-29,0.5202087334995745,delayed,Automated Emergency Relay,INC-008,Forensics,0.2768528629693009,0.1673809399007582,14.1
SANC-0076,5,1,2026-10-09 09:00:00,3,2,4,2026-10-10 09:00:00,0.4,CC-30,0.29469213310516057,responded,Automated Emergency Relay,INC-009,Forensics,0.39094232183991245,0.1607715809330418,34.2
SANC-0077,4,2,2026-10-09 12:00:00,0,1,0,2026-10-10 12:00:00,0.0,CC-31,0.5975911238025847,responded,Forensic Vault,INC-010,Research,0.06337852348436132,0.5088646040391879,4.8
SANC-0078,3,2,2026-10-09 15:00:00,0,1,0,2026-10-10 15:00:00,0.0,CC-32,0.6920590543344418,responded,Forensic Vault,INC-011,Forensics,0.18098483189434425,0.6488347462407097,0.0
SANC-0079,5,2,2026-10-09 18:00:00,0,3,0,2026-10-10 18:00:00,0.7,CC-33,0.6003229098380384,responded,Forensic Vault,INC-012,Forensics,0.01,0.528864783201269,0.0
SANC-0080,0,3,2026-10-09 21:00:00,0,2,0,2026-10-10 21:00:00,8.4,CC-34,0.5023910904585982,responded,Sanctuary Network,INC-013,Forensics,0.18590402213083695,0.22618418714294009,7.3
SANC-0081,1,3,2026-10-10 00:00:00,2,5,1,2026-10-11 00:00:00,4.5,CC-00,0.7726378474467637,responded,Forensic Vault,INC-014,Forensics,0.4692121492636434,0.8226989857578806,8.8
SANC-0082,2,5,2026-10-10 03:00:00,1,5,0,2026-10-11 03:00:00,0.2,CC-01,0.99,responded,Forensic Vault,INC-015,Forensics,0.39863169960040024,0.99,6.9
SANC-0083,2,3,2026-10-10 06:00:00,3,1,3,2026-10-11 06:00:00,6.5,CC-02,0.46842367779594657,delayed,Sanctuary Network,INC-016,Research,0.7263089560161904,0.40605464940790936,27.2
SANC-0084,5,0,2026-10-10 09:00:00,3,4,3,2026-10-11 09:00:00,5.5,CC-03,0.7158830143201854,not_responded,Automated Emergency Relay,INC-017,Forensics,0.28127746376691537,0.7576640468089433,34.0
SANC-0085,3,5,2026-10-10 12:00:00,1,3,1,2026-10-11 12:00:00,2.7,CC-04,0.7286830454624535,responded,Sanctuary Network,INC-018,Forensics,0.1759889703423993,0.6538649325484416,8.4
SANC-0086,2,4,2026-10-10 15:00:00,0,4,0,2026-10-11 15:00:00,0.0,CC-05,0.99,responded,Automated Emergency Relay,INC-019,Forensics,0.3932034100043059,0.9578334809176069,12.1
SANC-0087,3,4,2026-10-10 18:00:00,0,1,1,2026-10-11 18:00:00,1.3,CC-06,0.3932392857224195,responded,Forensic Vault,INC-020,Forensics,0.19791233447399614,0.33765621291824555,2.5
SANC-0088,0,3,2026-10-10 21:00:00,0,0,0,2026-10-11 21:00:00,12.5,CC-07,0.27727770195225243,responded,Forensic Vault,INC-021,Forensics,0.4995828952817474,0.18898684399065754,7.7
SANC-0089,2,3,2026-10-11 00:00:00,2,1,1,2026-10-12 00:00:00,2.9,CC-08,0.4959973160143273,responded,Forensic Vault,INC-022,Forensics,0.4550023855150445,0.4785757193914927,10.2
SANC-0090,5,1,2026-10-11 03:00:00,0,0,0,2026-10-12 03:00:00,4.0,CC-09,0.08376019434092957,responded,Forensic Vault,INC-023,Forensics,0.027446634130570434,0.18532490950216846,0.0
